﻿<?xml version="1.0" encoding="UTF-8" standalone="yes"?>
<addon id="dbelli.repository" name="dBelli Repo" version="0.0.1" provider-name="dBelli">
	<extension point="xbmc.addon.repository" name="Demonstration Add-on Repository">
		<info compressed="false">http://raw.github.com/d-belli/dBelli.repo/master/addons.xml</info>
		<checksum>http://raw.github.com/d-belli/dBelli.repo/master/addons.xml.md5</checksum>
		<datadir zip="true">http://raw.github.com/d-belli/dBelli.repo/master/repo/</datadir>
	</extension>
	<extension point="xbmc.addon.metadata">
		<summary>dBelli Repo</summary>
		<description>O Repositorio mais completo do Brasil</description>
		<disclaimer></disclaimer>
		<platform>all</platform>
	</extension>
</addon>