<?xml version="1.0" encoding="UTF-8" standalone="yes"?>
<addon id="repository.brazilian.zararepo"
        name="[COLOR white][B]Zara[/B][/COLOR] [COLOR cyan][B]Repo[/B][/COLOR]"
        version="1.0.5"
        provider-name="Zara">
    <extension point="xbmc.addon.repository" name="Brazilian XBMC Add-on Repository">
        <info compressed="false">http://raw.githubusercontent.com/ZaraSeries/repo/master/addons.xml</info>
        <checksum>http://raw.githubusercontent.com/ZaraSeries/repo/master/addons.xml.md5</checksum>
        <datadir zip="true">http://raw.githubusercontent.com/ZaraSeries/repo/master/repo</datadir>
    </extension>
    <extension point="xbmc.addon.metadata">
        <summary>[COLOR white][B]Zara[/B][/COLOR] [COLOR cyan][B]Repo[/B][/COLOR]</summary>
        <description>O melhor repositorio BR</description>
        <platform>all</platform>
    </extension>
</addon>
